id;marcador;sequencia;data
1;Tasty Steel Mouse;user-facing;2021-02-17
2;Toys conglomeration;Borders;2021-02-17
3;Legacy;solid state programming Virtual;2021-02-17
4;Money Market Account web-enabled Metal;gold Balanced Function-based;2021-02-17
5;calculate port;Director wireless Future;2021-02-17
6;Locks Extended;indigo;2021-02-17
7;Exclusive Rapids Fish;5th generation Accounts;2021-02-17
8;quantify;PNG payment Home Loan Account;2021-02-17
9;Books payment;Cotton;2021-02-17
10;Guadeloupe;Metrics;2021-02-17
