id;login_name;data_geracao;status
1;auxiliary rich focus group;2021-02-17T23:56:46;Kenyan Shilling
2;methodologies Savings Account Cloned;2021-02-17T04:36:59;Unbranded Fresh Salad Holy See (Vatican City State) Ball
3;Towels distributed Executive;2021-02-17T22:03:44;customer loyalty repurpose solid state
4;models New Zealand Dollar Director;2021-02-17T09:18:53;Armenian Dram Yen
5;niches Rustic Wooden Ball benchmark;2021-02-17T04:32:06;invoice AI interface
6;compressing Bacon;2021-02-17T16:48:27;Global Parkways
7;Awesome Bike backing up;2021-02-17T05:58:58;Assistant mission-critical
8;Incredible Plastic Chips open-source holistic;2021-02-17T12:26:35;back-end Creative
9;FTP navigating;2021-02-17T06:31:23;Auto Loan Account Illinois Toys
10;ivory interfaces;2021-02-17T17:04:01;Home Loan Account Grocery Fresh
