id;name_image;image_file;original_specimen;view_metadata;caption;measurement;measurement_type;process_id;license_holder;license;license_year;license_institution;license_contact;photographer
1;moderator;SCSI Liaison deposit;Salad Berkshire;Checking Account matrix infomediaries;generate;Wooden;Buckinghamshire tan;solid state Steel;technologies Director;Gambia digital Soft;invoice Producer bypassing;connect UAE Dirham RAM;San Marino Advanced Technician;Pakistan Rupee
2;radical;methodology Tokelau;capacitor Senior Burkina Faso;redefine Cotton;tan Senior global;South Dakota;lime;Operations Borders;salmon Mills;Mobility compress;internet solution;Benin;Solutions;Senior Forward generate
3;Planner;enhance;Incredible Granite Fish;bleeding-edge;encompassing Portugal;hard drive;Advanced deposit;Customer Cotton;Investor Generic Granite Mouse;Fantastic Soft Shoes Lake sexy;Afghani Games interfaces;Nevada Cheese;Refined Home Loan Account;multimedia Home Loan Account
4;AGP;Tanzanian Shilling web-enabled copying;Markets integrated Mexico;solid state pixel;Mobility withdrawal pricing structure;Intelligent olive streamline;Senior;intuitive PNG Table;Antigua and Barbuda Cheese artificial intelligence;Azerbaijanian Manat Guatemala;convergence Rhode Island 4th generation;Hryvnia throughput reinvent;back-end deposit;Accountability
5;International synthesize;CSS parallelism Re-engineered;orchestrate;platforms;Ridges;synthesizing Gorgeous Fresh Chips e-enable;compressing Nebraska;collaborative Puerto Rico;impactful redundant;turn-key Cambridgeshire;mobile black initiatives;Keyboard;District Center Cambridgeshire;Directives Gorgeous Cotton Pants Vatu
6;Future Prairie Steel;Sausages;generating;feed;Incredible Frozen Keyboard Liechtenstein;navigate;Direct card;Ameliorated rich;synergistic indexing synthesize;Re-contextualized Grass-roots;Kansas IB value-added;Gold Mauritius Product;override;bricks-and-clicks
7;viral Unbranded;indigo Tasty Wooden Hat Borders;invoice;transitional COM;Auto Loan Account dot-com;protocol SSL;Associate Wyoming Albania;sky blue;Ergonomic compress Tugrik;JSON;Dynamic redundant salmon;Auto Loan Account Fantastic;Cotton violet;primary
8;aggregate enhance Baby;eyeballs;compress transmitting Ergonomic;National;Human Cove sensor;Jewelery Falkland Islands Pound indigo;customized;Unbranded Chips Burgs;capacitor;Games communities;Mobility Virginia;Cordoba Oro;Auto Loan Account;Assistant client-server Function-based
9;Home Michigan Home Loan Account;Steel feed;brand;turn-key Frozen;salmon;Kids;override;Dynamic Customizable;Mobility Cambridgeshire;Norway District;Avon calculating generating;Car;Investor alliance lavender;Frozen
10;Branding whiteboard;empowering Fresh;niches Analyst;Specialist Chilean Peso Unidades de fomento;Fantastic Frozen Tuna;Credit Card Account focus group back-end;firmware Frozen Group;invoice algorithm blue;Cambridgeshire;Credit Card Account plum proactive;Enterprise-wide Car JBOD;architecture Producer impactful;Niue leverage Soft;ivory real-time
