id;phylum;tclass;torder;family;subfamily;genus;specie;identif;identifier_email;identifier_institution;identification_method;taxonomy_notes
1;Steel Rustic utilize;International;parse;24 hour Cotton Syrian Arab Republic;invoice;generate;Soft;Intelligent Concrete Towels Auto Loan Account solid state;Parkway Grocery plug-and-play;SDD;Democratic People's Republic of Korea;Incredible Concrete Table
2;success Fresh attitude-oriented;Canadian Dollar Bacon Ecuador;Borders Garden;Orchard challenge invoice;Savings Account Kuwaiti Dinar;backing up;proactive Auto Loan Account ADP;synthesizing;Agent Function-based;Electronics;Branding Course;Money Market Account Quetzal SMTP
3;Square;metrics Lead Strategist;JBOD;matrix Handcrafted;Front-line Persistent;transmit;Brazil invoice Operations;web-enabled Infrastructure;Cotton;copying;Cambridgeshire real-time Assurance;SQL withdrawal syndicate
4;Innovative Configurable;Operations Shoes Chips;B2C transmitting;Algeria Developer;digital indexing Towels;system engine invoice systemic;plum Fully-configurable;engineer indexing Auto Loan Account;withdrawal;primary Bedfordshire;seize Bedfordshire Trail;Home Lek Mouse
5;maroon;overriding Plastic;Car;salmon;Branch Pa'anga Dynamic;COM invoice;Beauty RSS task-force;structure;Illinois;Shore;Savings Account;value-added policy
6;Serbian Dinar deposit;Palladium Arizona;Intranet Small;SMS olive;Creative;Concrete;e-services Chicken;Nebraska;e-business;Handmade;Toys;intermediate Plastic communities
7;moratorium Buckinghamshire Intelligent Steel Mouse;leading edge;payment olive;expedite Table;responsive compressing;withdrawal Home Loan Account;Swaziland world-class;compress neural;Metrics;salmon 1080p;Refined program;olive
8;Director input Chicken;index;bus;firewall Fantastic;JSON Bike;redundant Ways SSL;Metal bypassing Cross-platform;Steel Home Loan Account Money Market Account;Computer Jewelery Orchestrator;Reduced index deposit;French Guiana Pre-emptive;Swiss Franc
9;JSON Handcrafted Frozen Bike RSS;non-volatile Consultant;white;Soft matrix;Open-source;Rustic Fresh Shirt;programming gold Forward;PNG;Associate;EXE;Savings Account Checking Account;Burundi Franc
10;deposit Infrastructure Credit Card Account;Rustic Rubber Pizza Buckinghamshire;SAS eyeballs Realigned;Buckinghamshire;synergistic Corporate Multi-tiered;Licensed Concrete Chicken;hard drive HTTP;virtual;unleash systems;system engine withdrawal Kwacha;technologies;Integration
